,user_id,Mood,Cuisine
0,1,Sad,Snack
1,2,Tired,Mexican
2,3,Happy/Cheerful,Dessert
3,4,Happy/Cheerful,Snack
4,5,Neutral/Calm/Relaxed,Italian
5,6,Tired,French
6,7,Angry/Frustrated,Beverage
7,8,Happy/Cheerful,Mexican
8,9,Neutral/Calm/Relaxed,Chinese
9,10,Angry/Frustrated,Dessert
10,11,Happy/Cheerful,Chinese
11,12,Angry/Frustrated,Japanese
12,13,Neutral/Calm/Relaxed,Indian
13,14,Angry/Frustrated,Italian
14,15,Angry/Frustrated,Chinese
15,16,Neutral/Calm/Relaxed,Indian
16,17,Happy/Cheerful,Indian
17,18,Angry/Frustrated,Italian
18,19,Sad,Indian
19,20,Happy/Cheerful,Japanese
20,21,Sad,Italian
21,22,Tired,French
22,23,Sad,Mexican
23,24,Neutral/Calm/Relaxed,Dessert
24,25,Tired,Indian
25,26,Tired,Indian
26,27,Angry/Frustrated,Chinese
27,28,Neutral/Calm/Relaxed,Italian
28,29,Neutral/Calm/Relaxed,Japanese
29,30,Happy/Cheerful,French
30,31,Neutral/Calm/Relaxed,Mexican
31,32,Sad,Snack
32,33,Angry/Frustrated,Beverage
33,34,Happy/Cheerful,Healthy Food
34,35,Sad,Chinese
35,36,Neutral/Calm/Relaxed,Beverage
36,37,Sad,Italian
37,38,Sad,Italian
38,39,Angry/Frustrated,Chinese
39,40,Neutral/Calm/Relaxed,Chinese
40,41,Tired,Chinese
41,42,Tired,French
42,43,Neutral/Calm/Relaxed,Beverage
43,44,Tired,French
44,45,Neutral/Calm/Relaxed,Indian
45,46,Neutral/Calm/Relaxed,Snack
46,47,Tired,Mexican
47,48,Happy/Cheerful,Dessert
48,49,Tired,Healthy Food
49,50,Neutral/Calm/Relaxed,Japanese
50,51,Happy/Cheerful,Dessert
51,52,Neutral/Calm/Relaxed,Snack
52,53,Angry/Frustrated,Chinese
53,54,Neutral/Calm/Relaxed,Chinese
54,55,Happy/Cheerful,Italian
55,56,Happy/Cheerful,Beverage
56,57,Sad,Snack
57,58,Happy/Cheerful,Japanese
58,59,Sad,Mexican
59,60,Neutral/Calm/Relaxed,Japanese
60,61,Neutral/Calm/Relaxed,Snack
61,62,Happy/Cheerful,Beverage
62,63,Angry/Frustrated,Beverage
63,64,Happy/Cheerful,Italian
64,65,Neutral/Calm/Relaxed,Dessert
65,66,Neutral/Calm/Relaxed,Dessert
66,67,Angry/Frustrated,Dessert
67,68,Angry/Frustrated,Italian
68,69,Tired,Snack
69,70,Neutral/Calm/Relaxed,Italian
70,71,Neutral/Calm/Relaxed,Japanese
71,72,Angry/Frustrated,Dessert
72,73,Tired,Beverage
73,74,Sad,Mexican
74,75,Neutral/Calm/Relaxed,Healthy Food
75,76,Angry/Frustrated,Indian
76,77,Happy/Cheerful,Snack
77,78,Happy/Cheerful,Japanese
78,79,Sad,Dessert
79,80,Angry/Frustrated,Indian
80,81,Sad,Chinese
81,82,Tired,Mexican
82,83,Happy/Cheerful,Mexican
83,84,Happy/Cheerful,Japanese
84,85,Angry/Frustrated,French
85,86,Happy/Cheerful,Snack
86,87,Angry/Frustrated,Dessert
87,88,Neutral/Calm/Relaxed,Healthy Food
88,89,Neutral/Calm/Relaxed,Dessert
89,90,Angry/Frustrated,Italian
90,91,Tired,Japanese
91,92,Angry/Frustrated,Italian
92,93,Tired,Dessert
93,94,Angry/Frustrated,Japanese
94,95,Angry/Frustrated,Italian
95,96,Tired,Snack
96,97,Neutral/Calm/Relaxed,Snack
97,98,Angry/Frustrated,French
98,99,Neutral/Calm/Relaxed,Japanese
99,100,Sad,Japanese
100,101,Angry/Frustrated,Dessert
101,102,Tired,Beverage
102,103,Angry/Frustrated,Healthy Food
103,104,Tired,Dessert
104,105,Angry/Frustrated,Mexican
105,106,Tired,Beverage
106,107,Tired,Dessert
107,108,Angry/Frustrated,Chinese
108,109,Angry/Frustrated,Chinese
109,110,Happy/Cheerful,Dessert
110,111,Angry/Frustrated,Dessert
111,112,Happy/Cheerful,Mexican
112,113,Neutral/Calm/Relaxed,Chinese
113,114,Angry/Frustrated,Indian
114,115,Neutral/Calm/Relaxed,Mexican
115,116,Sad,Mexican
116,117,Neutral/Calm/Relaxed,Chinese
117,118,Angry/Frustrated,Snack
118,119,Tired,Chinese
119,120,Sad,Japanese
120,121,Angry/Frustrated,Dessert
121,122,Happy/Cheerful,Japanese
122,123,Angry/Frustrated,Japanese
123,124,Neutral/Calm/Relaxed,Indian
124,125,Happy/Cheerful,Snack
125,126,Happy/Cheerful,Dessert
126,127,Angry/Frustrated,Mexican
127,128,Angry/Frustrated,Snack
128,129,Angry/Frustrated,Beverage
129,130,Tired,Healthy Food
130,131,Neutral/Calm/Relaxed,Japanese
131,132,Happy/Cheerful,Italian
132,133,Angry/Frustrated,Japanese
133,134,Tired,Japanese
134,135,Angry/Frustrated,Dessert
135,136,Happy/Cheerful,Italian
136,137,Angry/Frustrated,Chinese
137,138,Neutral/Calm/Relaxed,Mexican
138,139,Neutral/Calm/Relaxed,Dessert
139,140,Angry/Frustrated,French
140,141,Tired,Chinese
141,142,Tired,Japanese
142,143,Sad,Snack
143,144,Angry/Frustrated,Indian
144,145,Neutral/Calm/Relaxed,Healthy Food
145,146,Happy/Cheerful,Healthy Food
146,147,Tired,Snack
147,148,Neutral/Calm/Relaxed,Italian
148,149,Sad,Japanese
149,150,Sad,Mexican
150,151,Sad,Indian
151,152,Happy/Cheerful,Beverage
152,153,Neutral/Calm/Relaxed,Japanese
153,154,Happy/Cheerful,French
154,155,Tired,Dessert
155,156,Sad,Japanese
156,157,Tired,Snack
157,158,Tired,Italian
158,159,Tired,Japanese
159,160,Tired,Snack
160,161,Tired,Mexican
161,162,Sad,Italian
162,163,Neutral/Calm/Relaxed,Dessert
163,164,Tired,French
164,165,Angry/Frustrated,Italian
165,166,Angry/Frustrated,Snack
166,167,Angry/Frustrated,Mexican
167,168,Neutral/Calm/Relaxed,Italian
168,169,Tired,Indian
169,170,Tired,Italian
170,171,Angry/Frustrated,French
171,172,Angry/Frustrated,French
172,173,Happy/Cheerful,Italian
173,174,Angry/Frustrated,Mexican
174,175,Sad,Indian
175,176,Neutral/Calm/Relaxed,Dessert
176,177,Angry/Frustrated,Dessert
177,178,Sad,Healthy Food
178,179,Neutral/Calm/Relaxed,Healthy Food
179,180,Happy/Cheerful,Japanese
180,181,Happy/Cheerful,French
181,182,Tired,Mexican
182,183,Neutral/Calm/Relaxed,Healthy Food
183,184,Happy/Cheerful,Beverage
184,185,Sad,Snack
185,186,Neutral/Calm/Relaxed,Beverage
186,187,Tired,Beverage
187,188,Happy/Cheerful,Italian
188,189,Sad,Beverage
189,190,Angry/Frustrated,French
190,191,Happy/Cheerful,Snack
191,192,Angry/Frustrated,Snack
192,193,Angry/Frustrated,Mexican
193,194,Tired,Snack
194,195,Sad,Japanese
195,196,Tired,Chinese
196,197,Tired,Dessert
197,198,Neutral/Calm/Relaxed,Italian
198,199,Happy/Cheerful,Chinese
199,200,Tired,Healthy Food
200,201,Tired,Snack
201,202,Neutral/Calm/Relaxed,Healthy Food
202,203,Tired,Snack
203,204,Tired,Snack
204,205,Neutral/Calm/Relaxed,Mexican
205,206,Angry/Frustrated,French
206,207,Happy/Cheerful,Healthy Food
207,208,Sad,Indian
208,209,Sad,Chinese
209,210,Angry/Frustrated,Indian
210,211,Angry/Frustrated,Dessert
211,212,Neutral/Calm/Relaxed,Japanese
212,213,Angry/Frustrated,Mexican
213,214,Happy/Cheerful,Italian
214,215,Happy/Cheerful,Indian
215,216,Tired,Snack
216,217,Happy/Cheerful,Indian
217,218,Tired,Italian
218,219,Tired,Mexican
219,220,Neutral/Calm/Relaxed,Japanese
220,221,Neutral/Calm/Relaxed,Snack
221,222,Tired,Italian
222,223,Happy/Cheerful,Chinese
223,224,Angry/Frustrated,Dessert
224,225,Sad,Snack
225,226,Angry/Frustrated,Beverage
226,227,Tired,Chinese
227,228,Sad,French
228,229,Sad,Beverage
229,230,Angry/Frustrated,Snack
230,231,Neutral/Calm/Relaxed,Chinese
231,232,Tired,Indian
232,233,Tired,French
233,234,Angry/Frustrated,Dessert
234,235,Neutral/Calm/Relaxed,Indian
235,236,Neutral/Calm/Relaxed,Indian
236,237,Angry/Frustrated,Dessert
237,238,Angry/Frustrated,Beverage
238,239,Angry/Frustrated,Healthy Food
239,240,Neutral/Calm/Relaxed,Indian
240,241,Neutral/Calm/Relaxed,Snack
241,242,Sad,Mexican
242,243,Angry/Frustrated,French
243,244,Neutral/Calm/Relaxed,Beverage
244,245,Angry/Frustrated,Chinese
245,246,Angry/Frustrated,French
246,247,Sad,Indian
247,248,Angry/Frustrated,Indian
248,249,Tired,Japanese
249,250,Sad,Italian
250,251,Angry/Frustrated,Italian
251,252,Happy/Cheerful,Japanese
252,253,Neutral/Calm/Relaxed,Japanese
253,254,Angry/Frustrated,Snack
254,255,Neutral/Calm/Relaxed,Italian
255,256,Angry/Frustrated,Snack
256,257,Angry/Frustrated,Healthy Food
257,258,Sad,Mexican
258,259,Neutral/Calm/Relaxed,Dessert
259,260,Angry/Frustrated,Italian
260,261,Angry/Frustrated,Mexican
261,262,Angry/Frustrated,Snack
262,263,Tired,Beverage
263,264,Happy/Cheerful,Dessert
264,265,Sad,Healthy Food
265,266,Tired,Italian
266,267,Tired,Chinese
267,268,Angry/Frustrated,Beverage
268,269,Angry/Frustrated,French
269,270,Happy/Cheerful,French
270,271,Neutral/Calm/Relaxed,Mexican
271,272,Happy/Cheerful,Chinese
272,273,Neutral/Calm/Relaxed,Chinese
273,274,Tired,Snack
274,275,Sad,Snack
275,276,Tired,Indian
276,277,Sad,Italian
277,278,Happy/Cheerful,Italian
278,279,Angry/Frustrated,Chinese
279,280,Neutral/Calm/Relaxed,Healthy Food
280,281,Happy/Cheerful,Chinese
281,282,Tired,Indian
282,283,Happy/Cheerful,Healthy Food
283,284,Neutral/Calm/Relaxed,French
284,285,Neutral/Calm/Relaxed,Mexican
285,286,Happy/Cheerful,Snack
286,287,Angry/Frustrated,Healthy Food
287,288,Angry/Frustrated,Japanese
288,289,Neutral/Calm/Relaxed,Healthy Food
289,290,Tired,Indian
290,291,Tired,Mexican
291,292,Angry/Frustrated,Healthy Food
292,293,Sad,Snack
293,294,Angry/Frustrated,Japanese
294,295,Tired,Dessert
295,296,Sad,Snack
296,297,Neutral/Calm/Relaxed,Japanese
297,298,Happy/Cheerful,Indian
298,299,Angry/Frustrated,Chinese
299,300,Sad,Italian
300,301,Angry/Frustrated,Beverage
301,302,Tired,Indian
302,303,Sad,Italian
303,304,Happy/Cheerful,Beverage
304,305,Tired,Italian
305,306,Angry/Frustrated,Chinese
306,307,Neutral/Calm/Relaxed,Snack
307,308,Happy/Cheerful,Indian
308,309,Tired,Chinese
309,310,Happy/Cheerful,Snack
310,311,Sad,Healthy Food
311,312,Happy/Cheerful,Beverage
312,313,Happy/Cheerful,Snack
313,314,Tired,Healthy Food
314,315,Happy/Cheerful,Beverage
315,316,Angry/Frustrated,French
316,317,Sad,Dessert
317,318,Tired,Mexican
318,319,Angry/Frustrated,Indian
319,320,Tired,Italian
320,321,Happy/Cheerful,Italian
321,322,Tired,Snack
322,323,Neutral/Calm/Relaxed,Beverage
323,324,Neutral/Calm/Relaxed,Dessert
324,325,Sad,Healthy Food
325,326,Happy/Cheerful,Dessert
326,327,Tired,Japanese
327,328,Angry/Frustrated,Italian
328,329,Sad,Italian
329,330,Angry/Frustrated,Mexican
330,331,Tired,Italian
331,332,Sad,Snack
332,333,Sad,Dessert
333,334,Sad,Healthy Food
334,335,Tired,Mexican
335,336,Neutral/Calm/Relaxed,Italian
336,337,Neutral/Calm/Relaxed,Snack
337,338,Neutral/Calm/Relaxed,Chinese
338,339,Tired,Italian
339,340,Angry/Frustrated,Snack
340,341,Angry/Frustrated,Mexican
341,342,Sad,Italian
342,343,Angry/Frustrated,Healthy Food
343,344,Angry/Frustrated,Beverage
344,345,Neutral/Calm/Relaxed,Healthy Food
345,346,Neutral/Calm/Relaxed,Italian
346,347,Angry/Frustrated,Japanese
347,348,Tired,Beverage
348,349,Angry/Frustrated,Beverage
349,350,Neutral/Calm/Relaxed,Healthy Food
350,351,Happy/Cheerful,Snack
351,352,Neutral/Calm/Relaxed,Italian
352,353,Sad,Mexican
353,354,Neutral/Calm/Relaxed,Japanese
354,355,Angry/Frustrated,French
355,356,Neutral/Calm/Relaxed,Mexican
356,357,Neutral/Calm/Relaxed,Dessert
357,358,Tired,French
358,359,Neutral/Calm/Relaxed,Italian
359,360,Tired,Snack
360,361,Sad,Japanese
361,362,Sad,Indian
362,363,Neutral/Calm/Relaxed,Japanese
363,364,Sad,Italian
364,365,Angry/Frustrated,Dessert
365,366,Happy/Cheerful,Beverage
366,367,Sad,Dessert
367,368,Sad,French
368,369,Angry/Frustrated,Japanese
369,370,Happy/Cheerful,Dessert
370,371,Happy/Cheerful,Indian
371,372,Tired,Snack
372,373,Happy/Cheerful,Dessert
373,374,Tired,Beverage
374,375,Tired,Mexican
375,376,Neutral/Calm/Relaxed,French
376,377,Sad,Indian
377,378,Sad,French
378,379,Neutral/Calm/Relaxed,Mexican
379,380,Happy/Cheerful,Italian
380,381,Neutral/Calm/Relaxed,Chinese
381,382,Sad,Dessert
382,383,Sad,Chinese
383,384,Tired,French
384,385,Happy/Cheerful,Mexican
385,386,Sad,Indian
386,387,Neutral/Calm/Relaxed,Snack
387,388,Tired,Japanese
388,389,Sad,Japanese
389,390,Happy/Cheerful,Snack
390,391,Sad,Beverage
391,392,Sad,Mexican
392,393,Happy/Cheerful,Japanese
393,394,Happy/Cheerful,Mexican
394,395,Happy/Cheerful,Indian
395,396,Neutral/Calm/Relaxed,Italian
396,397,Angry/Frustrated,Beverage
397,398,Sad,Mexican
398,399,Tired,Indian
399,400,Sad,Healthy Food
400,401,Tired,Italian
401,402,Sad,French
402,403,Happy/Cheerful,Italian
403,404,Angry/Frustrated,Dessert
404,405,Angry/Frustrated,Japanese
405,406,Angry/Frustrated,Dessert
406,407,Tired,Chinese
407,408,Tired,Italian
408,409,Tired,Japanese
409,410,Happy/Cheerful,Mexican
410,411,Sad,Japanese
411,412,Tired,Healthy Food
412,413,Angry/Frustrated,Beverage
413,414,Angry/Frustrated,Mexican
414,415,Tired,Chinese
415,416,Tired,French
416,417,Angry/Frustrated,French
417,418,Angry/Frustrated,Beverage
418,419,Happy/Cheerful,Snack
419,420,Angry/Frustrated,French
420,421,Neutral/Calm/Relaxed,Beverage
421,422,Tired,Mexican
422,423,Neutral/Calm/Relaxed,Japanese
423,424,Neutral/Calm/Relaxed,Chinese
424,425,Sad,Beverage
425,426,Neutral/Calm/Relaxed,Indian
426,427,Angry/Frustrated,Italian
427,428,Neutral/Calm/Relaxed,Snack
428,429,Neutral/Calm/Relaxed,Mexican
429,430,Happy/Cheerful,Italian
430,431,Sad,Dessert
431,432,Angry/Frustrated,Dessert
432,433,Happy/Cheerful,Japanese
433,434,Sad,Healthy Food
434,435,Angry/Frustrated,Japanese
435,436,Angry/Frustrated,Mexican
436,437,Tired,Italian
437,438,Neutral/Calm/Relaxed,Italian
438,439,Tired,Mexican
439,440,Angry/Frustrated,Beverage
440,441,Tired,Japanese
441,442,Sad,Indian
442,443,Sad,Chinese
443,444,Tired,Dessert
444,445,Tired,Snack
445,446,Tired,Beverage
446,447,Happy/Cheerful,Mexican
447,448,Neutral/Calm/Relaxed,Mexican
448,449,Tired,Italian
449,450,Tired,Mexican
450,451,Neutral/Calm/Relaxed,Dessert
451,452,Sad,Beverage
452,453,Angry/Frustrated,Healthy Food
453,454,Happy/Cheerful,Indian
454,455,Neutral/Calm/Relaxed,Mexican
455,456,Happy/Cheerful,Mexican
456,457,Neutral/Calm/Relaxed,Beverage
457,458,Neutral/Calm/Relaxed,Indian
458,459,Tired,Snack
459,460,Sad,Beverage
460,461,Sad,Dessert
461,462,Tired,Snack
462,463,Happy/Cheerful,Beverage
463,464,Tired,Dessert
464,465,Neutral/Calm/Relaxed,French
465,466,Neutral/Calm/Relaxed,Italian
466,467,Angry/Frustrated,Snack
467,468,Tired,Mexican
468,469,Happy/Cheerful,Dessert
469,470,Tired,Japanese
470,471,Angry/Frustrated,Indian
471,472,Tired,Indian
472,473,Angry/Frustrated,Japanese
473,474,Angry/Frustrated,French
474,475,Happy/Cheerful,Dessert
475,476,Sad,Italian
476,477,Tired,Chinese
477,478,Happy/Cheerful,Chinese
478,479,Sad,Chinese
479,480,Neutral/Calm/Relaxed,French
480,481,Sad,Chinese
481,482,Neutral/Calm/Relaxed,Beverage
482,483,Sad,French
483,484,Angry/Frustrated,Beverage
484,485,Angry/Frustrated,Japanese
485,486,Sad,Healthy Food
486,487,Neutral/Calm/Relaxed,French
487,488,Happy/Cheerful,Chinese
488,489,Angry/Frustrated,Dessert
489,490,Neutral/Calm/Relaxed,French
490,491,Sad,Snack
491,492,Neutral/Calm/Relaxed,Japanese
492,493,Sad,Beverage
493,494,Sad,Mexican
494,495,Tired,Italian
495,496,Angry/Frustrated,Dessert
496,497,Neutral/Calm/Relaxed,Dessert
497,498,Tired,Chinese
498,499,Happy/Cheerful,Italian
499,500,Sad,Healthy Food
500,501,Tired,French
501,502,Sad,Italian
502,503,Happy/Cheerful,Snack
503,504,Neutral/Calm/Relaxed,French
504,505,Angry/Frustrated,Snack
505,506,Happy/Cheerful,Dessert
506,507,Neutral/Calm/Relaxed,Snack
507,508,Happy/Cheerful,Indian
508,509,Sad,Healthy Food
509,510,Sad,Dessert
510,511,Sad,Healthy Food
511,512,Angry/Frustrated,French
512,513,Sad,Indian
513,514,Sad,Japanese
514,515,Tired,Indian
515,516,Happy/Cheerful,Chinese
516,517,Tired,Dessert
517,518,Tired,Italian
518,519,Neutral/Calm/Relaxed,Healthy Food
519,520,Tired,Chinese
520,521,Tired,Mexican
521,522,Angry/Frustrated,Indian
522,523,Tired,Healthy Food
523,524,Tired,Mexican
524,525,Angry/Frustrated,French
525,526,Sad,Chinese
526,527,Tired,Indian
527,528,Neutral/Calm/Relaxed,Italian
528,529,Sad,Beverage
529,530,Angry/Frustrated,Chinese
530,531,Sad,Snack
531,532,Happy/Cheerful,Japanese
532,533,Tired,Indian
533,534,Tired,Chinese
534,535,Happy/Cheerful,Dessert
535,536,Tired,Dessert
536,537,Sad,Dessert
537,538,Happy/Cheerful,Indian
538,539,Tired,Healthy Food
539,540,Happy/Cheerful,Indian
540,541,Tired,Healthy Food
541,542,Sad,Indian
542,543,Angry/Frustrated,Mexican
543,544,Angry/Frustrated,Chinese
544,545,Angry/Frustrated,Italian
545,546,Neutral/Calm/Relaxed,Indian
546,547,Sad,Mexican
547,548,Tired,Mexican
548,549,Tired,Indian
549,550,Angry/Frustrated,Chinese
550,551,Angry/Frustrated,Dessert
551,552,Happy/Cheerful,Japanese
552,553,Tired,Mexican
553,554,Tired,Japanese
554,555,Angry/Frustrated,Indian
555,556,Angry/Frustrated,Snack
556,557,Tired,Indian
557,558,Tired,Indian
558,559,Happy/Cheerful,Italian
559,560,Tired,Healthy Food
560,561,Neutral/Calm/Relaxed,Japanese
561,562,Happy/Cheerful,Italian
562,563,Sad,Chinese
563,564,Tired,Mexican
564,565,Tired,Indian
565,566,Happy/Cheerful,Italian
566,567,Happy/Cheerful,Beverage
567,568,Angry/Frustrated,Japanese
568,569,Angry/Frustrated,Mexican
569,570,Angry/Frustrated,Healthy Food
570,571,Happy/Cheerful,Healthy Food
571,572,Happy/Cheerful,Chinese
572,573,Angry/Frustrated,Japanese
573,574,Happy/Cheerful,Chinese
574,575,Neutral/Calm/Relaxed,Dessert
575,576,Tired,Mexican
576,577,Happy/Cheerful,Beverage
577,578,Tired,Indian
578,579,Sad,Beverage
579,580,Angry/Frustrated,Healthy Food
580,581,Sad,Dessert
581,582,Tired,Indian
582,583,Tired,Mexican
583,584,Sad,Snack
584,585,Tired,Japanese
585,586,Angry/Frustrated,Dessert
586,587,Tired,Dessert
587,588,Happy/Cheerful,Indian
588,589,Angry/Frustrated,Healthy Food
589,590,Angry/Frustrated,French
590,591,Angry/Frustrated,Beverage
591,592,Sad,Beverage
592,593,Happy/Cheerful,Healthy Food
593,594,Sad,Japanese
594,595,Neutral/Calm/Relaxed,Indian
595,596,Tired,Italian
596,597,Neutral/Calm/Relaxed,Japanese
597,598,Sad,Snack
598,599,Tired,Dessert
599,600,Tired,French
600,601,Happy/Cheerful,Dessert
601,602,Sad,Snack
602,603,Angry/Frustrated,Dessert
603,604,Angry/Frustrated,Italian
604,605,Neutral/Calm/Relaxed,Dessert
605,606,Happy/Cheerful,Dessert
606,607,Happy/Cheerful,Beverage
607,608,Angry/Frustrated,Japanese
608,609,Happy/Cheerful,Snack
609,610,Sad,Chinese
610,611,Tired,Snack
611,612,Tired,Japanese
612,613,Neutral/Calm/Relaxed,French
613,614,Angry/Frustrated,Japanese
614,615,Angry/Frustrated,Snack
615,616,Happy/Cheerful,Indian
616,617,Angry/Frustrated,Dessert
617,618,Happy/Cheerful,Chinese
618,619,Sad,French
619,620,Sad,Indian
620,621,Angry/Frustrated,French
621,622,Tired,Beverage
622,623,Happy/Cheerful,Chinese
623,624,Tired,Japanese
624,625,Sad,Mexican
625,626,Angry/Frustrated,Mexican
626,627,Happy/Cheerful,Chinese
627,628,Sad,Indian
628,629,Sad,Healthy Food
629,630,Neutral/Calm/Relaxed,Healthy Food
630,631,Tired,Snack
631,632,Neutral/Calm/Relaxed,Healthy Food
632,633,Happy/Cheerful,Chinese
633,634,Tired,Mexican
634,635,Sad,Healthy Food
635,636,Tired,Mexican
636,637,Neutral/Calm/Relaxed,Japanese
637,638,Angry/Frustrated,Chinese
638,639,Angry/Frustrated,Chinese
639,640,Neutral/Calm/Relaxed,Dessert
640,641,Angry/Frustrated,Dessert
641,642,Tired,Beverage
642,643,Sad,Mexican
643,644,Happy/Cheerful,Snack
644,645,Angry/Frustrated,Mexican
645,646,Tired,Healthy Food
646,647,Happy/Cheerful,French
647,648,Tired,Indian
648,649,Angry/Frustrated,Chinese
649,650,Happy/Cheerful,Chinese
650,651,Happy/Cheerful,Japanese
651,652,Neutral/Calm/Relaxed,Dessert
652,653,Neutral/Calm/Relaxed,Japanese
653,654,Tired,Italian
654,655,Sad,Chinese
655,656,Sad,French
656,657,Happy/Cheerful,Mexican
657,658,Angry/Frustrated,French
658,659,Tired,Beverage
659,660,Angry/Frustrated,French
660,661,Neutral/Calm/Relaxed,French
661,662,Angry/Frustrated,Indian
662,663,Tired,Beverage
663,664,Sad,French
664,665,Happy/Cheerful,French
665,666,Tired,French
666,667,Sad,Healthy Food
667,668,Happy/Cheerful,French
668,669,Tired,Healthy Food
669,670,Sad,French
670,671,Tired,French
671,672,Happy/Cheerful,Mexican
672,673,Neutral/Calm/Relaxed,French
673,674,Sad,Beverage
674,675,Sad,Italian
675,676,Angry/Frustrated,Indian
676,677,Angry/Frustrated,Healthy Food
677,678,Neutral/Calm/Relaxed,Snack
678,679,Sad,Chinese
679,680,Neutral/Calm/Relaxed,French
680,681,Tired,Italian
681,682,Happy/Cheerful,Mexican
682,683,Neutral/Calm/Relaxed,Dessert
683,684,Sad,Beverage
684,685,Neutral/Calm/Relaxed,Snack
685,686,Neutral/Calm/Relaxed,Chinese
686,687,Sad,Dessert
687,688,Neutral/Calm/Relaxed,Snack
688,689,Neutral/Calm/Relaxed,Japanese
689,690,Tired,Beverage
690,691,Sad,Healthy Food
691,692,Neutral/Calm/Relaxed,Indian
692,693,Tired,Mexican
693,694,Neutral/Calm/Relaxed,Indian
694,695,Happy/Cheerful,Beverage
695,696,Sad,Italian
696,697,Angry/Frustrated,Dessert
697,698,Happy/Cheerful,Beverage
698,699,Neutral/Calm/Relaxed,Beverage
699,700,Angry/Frustrated,Healthy Food
700,701,Sad,Snack
701,702,Sad,Beverage
702,703,Sad,Italian
703,704,Neutral/Calm/Relaxed,Beverage
704,705,Happy/Cheerful,Beverage
705,706,Angry/Frustrated,Italian
706,707,Happy/Cheerful,Chinese
707,708,Sad,Chinese
708,709,Happy/Cheerful,Chinese
709,710,Neutral/Calm/Relaxed,Dessert
710,711,Neutral/Calm/Relaxed,Italian
711,712,Happy/Cheerful,Snack
712,713,Angry/Frustrated,Healthy Food
713,714,Happy/Cheerful,Indian
714,715,Happy/Cheerful,Mexican
715,716,Neutral/Calm/Relaxed,Mexican
716,717,Neutral/Calm/Relaxed,French
717,718,Neutral/Calm/Relaxed,Indian
718,719,Sad,Dessert
719,720,Neutral/Calm/Relaxed,Dessert
720,721,Tired,French
721,722,Happy/Cheerful,Japanese
722,723,Neutral/Calm/Relaxed,Beverage
723,724,Sad,Indian
724,725,Sad,Indian
725,726,Happy/Cheerful,Healthy Food
726,727,Happy/Cheerful,Chinese
727,728,Happy/Cheerful,Chinese
728,729,Happy/Cheerful,Indian
729,730,Neutral/Calm/Relaxed,Japanese
730,731,Neutral/Calm/Relaxed,Chinese
731,732,Angry/Frustrated,Snack
732,733,Tired,Dessert
733,734,Sad,Dessert
734,735,Tired,Snack
735,736,Neutral/Calm/Relaxed,French
736,737,Tired,French
737,738,Tired,French
738,739,Happy/Cheerful,Dessert
739,740,Tired,Japanese
740,741,Neutral/Calm/Relaxed,Italian
741,742,Angry/Frustrated,Indian
742,743,Angry/Frustrated,Chinese
743,744,Sad,French
744,745,Angry/Frustrated,French
745,746,Happy/Cheerful,Japanese
746,747,Tired,Snack
747,748,Tired,Japanese
748,749,Happy/Cheerful,Mexican
749,750,Tired,Italian
750,751,Neutral/Calm/Relaxed,Healthy Food
751,752,Angry/Frustrated,Dessert
752,753,Sad,Chinese
753,754,Tired,Beverage
754,755,Happy/Cheerful,Italian
755,756,Angry/Frustrated,Snack
756,757,Sad,Mexican
757,758,Angry/Frustrated,Mexican
758,759,Sad,Dessert
759,760,Sad,Mexican
760,761,Happy/Cheerful,French
761,762,Sad,Healthy Food
762,763,Angry/Frustrated,French
763,764,Tired,Snack
764,765,Tired,Chinese
765,766,Neutral/Calm/Relaxed,French
766,767,Tired,Chinese
767,768,Neutral/Calm/Relaxed,Snack
768,769,Neutral/Calm/Relaxed,French
769,770,Neutral/Calm/Relaxed,Dessert
770,771,Sad,French
771,772,Neutral/Calm/Relaxed,Mexican
772,773,Neutral/Calm/Relaxed,Japanese
773,774,Sad,Snack
774,775,Sad,Japanese
775,776,Happy/Cheerful,Indian
776,777,Angry/Frustrated,Indian
777,778,Angry/Frustrated,Snack
778,779,Neutral/Calm/Relaxed,Chinese
779,780,Angry/Frustrated,Healthy Food
780,781,Tired,Dessert
781,782,Sad,Indian
782,783,Angry/Frustrated,Japanese
783,784,Tired,Indian
784,785,Neutral/Calm/Relaxed,Japanese
785,786,Happy/Cheerful,Indian
786,787,Happy/Cheerful,Japanese
787,788,Neutral/Calm/Relaxed,Japanese
788,789,Happy/Cheerful,Snack
789,790,Happy/Cheerful,Healthy Food
790,791,Tired,Mexican
791,792,Angry/Frustrated,Healthy Food
792,793,Neutral/Calm/Relaxed,Healthy Food
793,794,Neutral/Calm/Relaxed,Beverage
794,795,Tired,Healthy Food
795,796,Tired,Chinese
796,797,Happy/Cheerful,Japanese
797,798,Happy/Cheerful,Chinese
798,799,Sad,Snack
799,800,Angry/Frustrated,Mexican
800,801,Tired,Dessert
801,802,Sad,Italian
802,803,Angry/Frustrated,Italian
803,804,Happy/Cheerful,Beverage
804,805,Neutral/Calm/Relaxed,Japanese
805,806,Tired,Japanese
806,807,Happy/Cheerful,Healthy Food
807,808,Tired,Dessert
808,809,Sad,Japanese
809,810,Neutral/Calm/Relaxed,Japanese
810,811,Sad,Dessert
811,812,Sad,Snack
812,813,Angry/Frustrated,Mexican
813,814,Angry/Frustrated,Chinese
814,815,Happy/Cheerful,Chinese
815,816,Sad,Beverage
816,817,Happy/Cheerful,Japanese
817,818,Neutral/Calm/Relaxed,French
818,819,Sad,Snack
819,820,Sad,Dessert
820,821,Sad,Japanese
821,822,Angry/Frustrated,Snack
822,823,Angry/Frustrated,Snack
823,824,Tired,Mexican
824,825,Angry/Frustrated,Dessert
825,826,Tired,Chinese
826,827,Sad,Mexican
827,828,Angry/Frustrated,Beverage
828,829,Tired,Mexican
829,830,Tired,Dessert
830,831,Angry/Frustrated,Chinese
831,832,Angry/Frustrated,French
832,833,Tired,Chinese
833,834,Angry/Frustrated,Japanese
834,835,Neutral/Calm/Relaxed,Italian
835,836,Angry/Frustrated,Indian
836,837,Tired,Japanese
837,838,Sad,Chinese
838,839,Angry/Frustrated,Healthy Food
839,840,Happy/Cheerful,Snack
840,841,Neutral/Calm/Relaxed,Beverage
841,842,Tired,Japanese
842,843,Sad,Japanese
843,844,Sad,Beverage
844,845,Tired,Chinese
845,846,Happy/Cheerful,Mexican
846,847,Angry/Frustrated,Chinese
847,848,Tired,Dessert
848,849,Happy/Cheerful,Indian
849,850,Happy/Cheerful,Healthy Food
850,851,Angry/Frustrated,French
851,852,Sad,Italian
852,853,Angry/Frustrated,Beverage
853,854,Sad,Healthy Food
854,855,Sad,Healthy Food
855,856,Angry/Frustrated,Italian
856,857,Tired,French
857,858,Angry/Frustrated,Japanese
858,859,Neutral/Calm/Relaxed,Indian
859,860,Tired,Indian
860,861,Sad,Beverage
861,862,Happy/Cheerful,Japanese
862,863,Happy/Cheerful,French
863,864,Angry/Frustrated,Indian
864,865,Happy/Cheerful,Chinese
865,866,Happy/Cheerful,French
866,867,Sad,Snack
867,868,Sad,Snack
868,869,Tired,Beverage
869,870,Tired,Beverage
870,871,Angry/Frustrated,Dessert
871,872,Tired,Chinese
872,873,Happy/Cheerful,Beverage
873,874,Sad,Beverage
874,875,Tired,Healthy Food
875,876,Tired,Snack
876,877,Happy/Cheerful,Indian
877,878,Angry/Frustrated,Chinese
878,879,Neutral/Calm/Relaxed,Chinese
879,880,Happy/Cheerful,Healthy Food
880,881,Angry/Frustrated,Italian
881,882,Angry/Frustrated,Healthy Food
882,883,Neutral/Calm/Relaxed,Dessert
883,884,Happy/Cheerful,French
884,885,Sad,Snack
885,886,Happy/Cheerful,Beverage
886,887,Neutral/Calm/Relaxed,Healthy Food
887,888,Angry/Frustrated,Healthy Food
888,889,Happy/Cheerful,Dessert
889,890,Tired,Dessert
890,891,Sad,Chinese
891,892,Happy/Cheerful,Mexican
892,893,Happy/Cheerful,Indian
893,894,Happy/Cheerful,French
894,895,Angry/Frustrated,Italian
895,896,Sad,Chinese
896,897,Angry/Frustrated,Beverage
897,898,Neutral/Calm/Relaxed,Chinese
898,899,Sad,Italian
899,900,Angry/Frustrated,Chinese
900,901,Neutral/Calm/Relaxed,Indian
901,902,Sad,Mexican
902,903,Sad,Indian
903,904,Tired,Mexican
904,905,Tired,Indian
905,906,Angry/Frustrated,French
906,907,Sad,Healthy Food
907,908,Angry/Frustrated,Japanese
908,909,Happy/Cheerful,Italian
909,910,Angry/Frustrated,Italian
910,911,Neutral/Calm/Relaxed,Indian
911,912,Neutral/Calm/Relaxed,Beverage
912,913,Sad,Beverage
913,914,Angry/Frustrated,Beverage
914,915,Sad,Mexican
915,916,Happy/Cheerful,Dessert
916,917,Neutral/Calm/Relaxed,French
917,918,Neutral/Calm/Relaxed,Beverage
918,919,Happy/Cheerful,Chinese
919,920,Sad,Indian
920,921,Sad,French
921,922,Happy/Cheerful,Dessert
922,923,Sad,Dessert
923,924,Angry/Frustrated,Snack
924,925,Happy/Cheerful,French
925,926,Sad,Mexican
926,927,Happy/Cheerful,Italian
927,928,Angry/Frustrated,Indian
928,929,Happy/Cheerful,Chinese
929,930,Tired,Dessert
930,931,Neutral/Calm/Relaxed,Beverage
931,932,Happy/Cheerful,French
932,933,Sad,Dessert
933,934,Neutral/Calm/Relaxed,Indian
934,935,Neutral/Calm/Relaxed,Indian
935,936,Happy/Cheerful,Italian
936,937,Neutral/Calm/Relaxed,Beverage
937,938,Neutral/Calm/Relaxed,Mexican
938,939,Sad,Snack
939,940,Angry/Frustrated,Dessert
940,941,Happy/Cheerful,Snack
941,942,Neutral/Calm/Relaxed,Chinese
942,943,Angry/Frustrated,French
943,944,Happy/Cheerful,French
944,945,Tired,Healthy Food
945,946,Neutral/Calm/Relaxed,Beverage
946,947,Tired,Mexican
947,948,Sad,Japanese
948,949,Happy/Cheerful,Snack
949,950,Sad,Snack
950,951,Angry/Frustrated,Chinese
951,952,Happy/Cheerful,Chinese
952,953,Angry/Frustrated,Mexican
953,954,Neutral/Calm/Relaxed,Chinese
954,955,Angry/Frustrated,Mexican
955,956,Angry/Frustrated,Italian
956,957,Neutral/Calm/Relaxed,Indian
957,958,Happy/Cheerful,Healthy Food
958,959,Happy/Cheerful,Mexican
959,960,Happy/Cheerful,Dessert
960,961,Happy/Cheerful,Chinese
961,962,Happy/Cheerful,Japanese
962,963,Tired,Indian
963,964,Happy/Cheerful,Indian
964,965,Happy/Cheerful,Healthy Food
965,966,Angry/Frustrated,Beverage
966,967,Sad,Mexican
967,968,Happy/Cheerful,Snack
968,969,Sad,Mexican
969,970,Angry/Frustrated,French
970,971,Tired,Snack
971,972,Sad,Dessert
972,973,Happy/Cheerful,Indian
973,974,Angry/Frustrated,Snack
974,975,Tired,Snack
975,976,Sad,Dessert
976,977,Tired,Beverage
977,978,Angry/Frustrated,Snack
978,979,Neutral/Calm/Relaxed,Dessert
979,980,Neutral/Calm/Relaxed,French
980,981,Neutral/Calm/Relaxed,Dessert
981,982,Angry/Frustrated,Indian
982,983,Sad,Italian
983,984,Happy/Cheerful,Snack
984,985,Angry/Frustrated,Beverage
985,986,Angry/Frustrated,Mexican
986,987,Angry/Frustrated,Beverage
987,988,Angry/Frustrated,Japanese
988,989,Angry/Frustrated,Indian
989,990,Neutral/Calm/Relaxed,French
990,991,Sad,Beverage
991,992,Neutral/Calm/Relaxed,Chinese
992,993,Happy/Cheerful,Healthy Food
993,994,Sad,Dessert
994,995,Tired,Chinese
995,996,Angry/Frustrated,Beverage
996,997,Neutral/Calm/Relaxed,Chinese
997,998,Angry/Frustrated,Healthy Food
998,999,Tired,Dessert
999,1000,Neutral/Calm/Relaxed,Indian
1000,1001,Sad,Chinese
1001,1002,Angry/Frustrated,Indian
1002,1003,Angry/Frustrated,French
1003,1004,Tired,Snack
1004,1005,Happy/Cheerful,Dessert
1005,1006,Happy/Cheerful,Indian
1006,1007,Sad,Dessert
1007,1008,Happy/Cheerful,Dessert
1008,1009,Neutral/Calm/Relaxed,Healthy Food
1009,1010,Neutral/Calm/Relaxed,Japanese
1010,1011,Neutral/Calm/Relaxed,Healthy Food
1011,1012,Happy/Cheerful,Indian
1012,1013,Angry/Frustrated,Chinese
1013,1014,Sad,Snack
1014,1015,Tired,Italian
1015,1016,Neutral/Calm/Relaxed,Dessert
1016,1017,Neutral/Calm/Relaxed,Dessert
1017,1018,Sad,Dessert
1018,1019,Sad,French
1019,1020,Neutral/Calm/Relaxed,Indian
1020,1021,Tired,Indian
0,2000,Sad,Snack
1,2001,Sad,Mexican
2,2002,Sad,Dessert
3,2003,Sad,Italian
4,2004,Sad,French
5,2005,Sad,Beverage
6,2006,Sad,Chinese
7,2007,Sad,Japanese
8,2008,Sad,Indian
9,2009,Sad,Healthy Food
10,2010,Tired,Snack
11,2011,Tired,Mexican
12,2012,Tired,Dessert
13,2013,Tired,Italian
14,2014,Tired,French
15,2015,Tired,Beverage
16,2016,Tired,Chinese
17,2017,Tired,Japanese
18,2018,Tired,Indian
19,2019,Tired,Healthy Food
20,2020,Happy/Cheerful,Snack
21,2021,Happy/Cheerful,Mexican
22,2022,Happy/Cheerful,Dessert
23,2023,Happy/Cheerful,Italian
24,2024,Happy/Cheerful,French
25,2025,Happy/Cheerful,Beverage
26,2026,Happy/Cheerful,Chinese
27,2027,Happy/Cheerful,Japanese
28,2028,Happy/Cheerful,Indian
29,2029,Happy/Cheerful,Healthy Food
30,2030,Neutral/Calm/Relaxed,Snack
31,2031,Neutral/Calm/Relaxed,Mexican
32,2032,Neutral/Calm/Relaxed,Dessert
33,2033,Neutral/Calm/Relaxed,Italian
34,2034,Neutral/Calm/Relaxed,French
35,2035,Neutral/Calm/Relaxed,Beverage
36,2036,Neutral/Calm/Relaxed,Chinese
37,2037,Neutral/Calm/Relaxed,Japanese
38,2038,Neutral/Calm/Relaxed,Indian
39,2039,Neutral/Calm/Relaxed,Healthy Food
40,2040,Angry/Frustrated,Snack
41,2041,Angry/Frustrated,Mexican
42,2042,Angry/Frustrated,Dessert
43,2043,Angry/Frustrated,Italian
44,2044,Angry/Frustrated,French
45,2045,Angry/Frustrated,Beverage
46,2046,Angry/Frustrated,Chinese
47,2047,Angry/Frustrated,Japanese
48,2048,Angry/Frustrated,Indian
49,2049,Angry/Frustrated,Healthy Food
