user_id,Mood,Cuisine
1,Sad,Snack
2,Tired,Mexican
3,Happy/Cheerful,Dessert
4,Happy/Cheerful,Snack
5,Neutral/Calm/Relaxed,Italian
6,Tired,French
7,Angry/Frustrated,Beverage
8,Happy/Cheerful,Mexican
9,Neutral/Calm/Relaxed,Chinese
10,Angry/Frustrated,Dessert
11,Happy/Cheerful,Chinese
12,Angry/Frustrated,Japanese
13,Neutral/Calm/Relaxed,Indian
14,Angry/Frustrated,Italian
15,Angry/Frustrated,Chinese
16,Neutral/Calm/Relaxed,Indian
17,Happy/Cheerful,Indian
18,Angry/Frustrated,Italian
19,Sad,Indian
20,Happy/Cheerful,Japanese
21,Sad,Italian
22,Tired,French
23,Sad,Mexican
24,Neutral/Calm/Relaxed,Dessert
25,Tired,Indian
26,Tired,Indian
27,Angry/Frustrated,Chinese
28,Neutral/Calm/Relaxed,Italian
29,Neutral/Calm/Relaxed,Japanese
30,Happy/Cheerful,French
31,Neutral/Calm/Relaxed,Mexican
32,Sad,Snack
33,Angry/Frustrated,Beverage
34,Happy/Cheerful,Healthy Food
35,Sad,Chinese
36,Neutral/Calm/Relaxed,Beverage
37,Sad,Italian
38,Sad,Italian
39,Angry/Frustrated,Chinese
40,Neutral/Calm/Relaxed,Chinese
41,Tired,Chinese
42,Tired,French
43,Neutral/Calm/Relaxed,Beverage
44,Tired,French
45,Neutral/Calm/Relaxed,Indian
46,Neutral/Calm/Relaxed,Snack
47,Tired,Mexican
48,Happy/Cheerful,Dessert
49,Tired,Healthy Food
50,Neutral/Calm/Relaxed,Japanese
51,Happy/Cheerful,Dessert
52,Neutral/Calm/Relaxed,Snack
53,Angry/Frustrated,Chinese
54,Neutral/Calm/Relaxed,Chinese
55,Happy/Cheerful,Italian
56,Happy/Cheerful,Beverage
57,Sad,Snack
58,Happy/Cheerful,Japanese
59,Sad,Mexican
60,Neutral/Calm/Relaxed,Japanese
61,Neutral/Calm/Relaxed,Snack
62,Happy/Cheerful,Beverage
63,Angry/Frustrated,Beverage
64,Happy/Cheerful,Italian
65,Neutral/Calm/Relaxed,Dessert
66,Neutral/Calm/Relaxed,Dessert
67,Angry/Frustrated,Dessert
68,Angry/Frustrated,Italian
69,Tired,Snack
70,Neutral/Calm/Relaxed,Italian
71,Neutral/Calm/Relaxed,Japanese
72,Angry/Frustrated,Dessert
73,Tired,Beverage
74,Sad,Mexican
75,Neutral/Calm/Relaxed,Healthy Food
76,Angry/Frustrated,Indian
77,Happy/Cheerful,Snack
78,Happy/Cheerful,Japanese
79,Sad,Dessert
80,Angry/Frustrated,Indian
81,Sad,Chinese
82,Tired,Mexican
83,Happy/Cheerful,Mexican
84,Happy/Cheerful,Japanese
85,Angry/Frustrated,French
86,Happy/Cheerful,Snack
87,Angry/Frustrated,Dessert
88,Neutral/Calm/Relaxed,Healthy Food
89,Neutral/Calm/Relaxed,Dessert
90,Angry/Frustrated,Italian
91,Tired,Japanese
92,Angry/Frustrated,Italian
93,Tired,Dessert
94,Angry/Frustrated,Japanese
95,Angry/Frustrated,Italian
96,Tired,Snack
97,Neutral/Calm/Relaxed,Snack
98,Angry/Frustrated,French
99,Neutral/Calm/Relaxed,Japanese
100,Sad,Japanese
101,Angry/Frustrated,Dessert
102,Tired,Beverage
103,Angry/Frustrated,Healthy Food
104,Tired,Dessert
105,Angry/Frustrated,Mexican
106,Tired,Beverage
107,Tired,Dessert
108,Angry/Frustrated,Chinese
109,Angry/Frustrated,Chinese
110,Happy/Cheerful,Dessert
111,Angry/Frustrated,Dessert
112,Happy/Cheerful,Mexican
113,Neutral/Calm/Relaxed,Chinese
114,Angry/Frustrated,Indian
115,Neutral/Calm/Relaxed,Mexican
116,Sad,Mexican
117,Neutral/Calm/Relaxed,Chinese
118,Angry/Frustrated,Snack
119,Tired,Chinese
120,Sad,Japanese
121,Angry/Frustrated,Dessert
122,Happy/Cheerful,Japanese
123,Angry/Frustrated,Japanese
124,Neutral/Calm/Relaxed,Indian
125,Happy/Cheerful,Snack
126,Happy/Cheerful,Dessert
127,Angry/Frustrated,Mexican
128,Angry/Frustrated,Snack
129,Angry/Frustrated,Beverage
130,Tired,Healthy Food
131,Neutral/Calm/Relaxed,Japanese
132,Happy/Cheerful,Italian
133,Angry/Frustrated,Japanese
134,Tired,Japanese
135,Angry/Frustrated,Dessert
136,Happy/Cheerful,Italian
137,Angry/Frustrated,Chinese
138,Neutral/Calm/Relaxed,Mexican
139,Neutral/Calm/Relaxed,Dessert
140,Angry/Frustrated,French
141,Tired,Chinese
142,Tired,Japanese
143,Sad,Snack
144,Angry/Frustrated,Indian
145,Neutral/Calm/Relaxed,Healthy Food
146,Happy/Cheerful,Healthy Food
147,Tired,Snack
148,Neutral/Calm/Relaxed,Italian
149,Sad,Japanese
150,Sad,Mexican
151,Sad,Indian
152,Happy/Cheerful,Beverage
153,Neutral/Calm/Relaxed,Japanese
154,Happy/Cheerful,French
155,Tired,Dessert
156,Sad,Japanese
157,Tired,Snack
158,Tired,Italian
159,Tired,Japanese
160,Tired,Snack
161,Tired,Mexican
162,Sad,Italian
163,Neutral/Calm/Relaxed,Dessert
164,Tired,French
165,Angry/Frustrated,Italian
166,Angry/Frustrated,Snack
167,Angry/Frustrated,Mexican
168,Neutral/Calm/Relaxed,Italian
169,Tired,Indian
170,Tired,Italian
171,Angry/Frustrated,French
172,Angry/Frustrated,French
173,Happy/Cheerful,Italian
174,Angry/Frustrated,Mexican
175,Sad,Indian
176,Neutral/Calm/Relaxed,Dessert
177,Angry/Frustrated,Dessert
178,Sad,Healthy Food
179,Neutral/Calm/Relaxed,Healthy Food
180,Happy/Cheerful,Japanese
181,Happy/Cheerful,French
182,Tired,Mexican
183,Neutral/Calm/Relaxed,Healthy Food
184,Happy/Cheerful,Beverage
185,Sad,Snack
186,Neutral/Calm/Relaxed,Beverage
187,Tired,Beverage
188,Happy/Cheerful,Italian
189,Sad,Beverage
190,Angry/Frustrated,French
191,Happy/Cheerful,Snack
192,Angry/Frustrated,Snack
193,Angry/Frustrated,Mexican
194,Tired,Snack
195,Sad,Japanese
196,Tired,Chinese
197,Tired,Dessert
198,Neutral/Calm/Relaxed,Italian
199,Happy/Cheerful,Chinese
200,Tired,Healthy Food
201,Tired,Snack
202,Neutral/Calm/Relaxed,Healthy Food
203,Tired,Snack
204,Tired,Snack
205,Neutral/Calm/Relaxed,Mexican
206,Angry/Frustrated,French
207,Happy/Cheerful,Healthy Food
208,Sad,Indian
209,Sad,Chinese
210,Angry/Frustrated,Indian
211,Angry/Frustrated,Dessert
212,Neutral/Calm/Relaxed,Japanese
213,Angry/Frustrated,Mexican
214,Happy/Cheerful,Italian
215,Happy/Cheerful,Indian
216,Tired,Snack
217,Happy/Cheerful,Indian
218,Tired,Italian
219,Tired,Mexican
220,Neutral/Calm/Relaxed,Japanese
221,Neutral/Calm/Relaxed,Snack
222,Tired,Italian
223,Happy/Cheerful,Chinese
224,Angry/Frustrated,Dessert
225,Sad,Snack
226,Angry/Frustrated,Beverage
227,Tired,Chinese
228,Sad,French
229,Sad,Beverage
230,Angry/Frustrated,Snack
231,Neutral/Calm/Relaxed,Chinese
232,Tired,Indian
233,Tired,French
234,Angry/Frustrated,Dessert
235,Neutral/Calm/Relaxed,Indian
236,Neutral/Calm/Relaxed,Indian
237,Angry/Frustrated,Dessert
238,Angry/Frustrated,Beverage
239,Angry/Frustrated,Healthy Food
240,Neutral/Calm/Relaxed,Indian
241,Neutral/Calm/Relaxed,Snack
242,Sad,Mexican
243,Angry/Frustrated,French
244,Neutral/Calm/Relaxed,Beverage
245,Angry/Frustrated,Chinese
246,Angry/Frustrated,French
247,Sad,Indian
248,Angry/Frustrated,Indian
249,Tired,Japanese
250,Sad,Italian
251,Angry/Frustrated,Italian
252,Happy/Cheerful,Japanese
253,Neutral/Calm/Relaxed,Japanese
254,Angry/Frustrated,Snack
255,Neutral/Calm/Relaxed,Italian
256,Angry/Frustrated,Snack
257,Angry/Frustrated,Healthy Food
258,Sad,Mexican
259,Neutral/Calm/Relaxed,Dessert
260,Angry/Frustrated,Italian
261,Angry/Frustrated,Mexican
262,Angry/Frustrated,Snack
263,Tired,Beverage
264,Happy/Cheerful,Dessert
265,Sad,Healthy Food
266,Tired,Italian
267,Tired,Chinese
268,Angry/Frustrated,Beverage
269,Angry/Frustrated,French
270,Happy/Cheerful,French
271,Neutral/Calm/Relaxed,Mexican
272,Happy/Cheerful,Chinese
273,Neutral/Calm/Relaxed,Chinese
274,Tired,Snack
275,Sad,Snack
276,Tired,Indian
277,Sad,Italian
278,Happy/Cheerful,Italian
279,Angry/Frustrated,Chinese
280,Neutral/Calm/Relaxed,Healthy Food
281,Happy/Cheerful,Chinese
282,Tired,Indian
283,Happy/Cheerful,Healthy Food
284,Neutral/Calm/Relaxed,French
285,Neutral/Calm/Relaxed,Mexican
286,Happy/Cheerful,Snack
287,Angry/Frustrated,Healthy Food
288,Angry/Frustrated,Japanese
289,Neutral/Calm/Relaxed,Healthy Food
290,Tired,Indian
291,Tired,Mexican
292,Angry/Frustrated,Healthy Food
293,Sad,Snack
294,Angry/Frustrated,Japanese
295,Tired,Dessert
296,Sad,Snack
297,Neutral/Calm/Relaxed,Japanese
298,Happy/Cheerful,Indian
299,Angry/Frustrated,Chinese
300,Sad,Italian
301,Angry/Frustrated,Beverage
302,Tired,Indian
303,Sad,Italian
304,Happy/Cheerful,Beverage
305,Tired,Italian
306,Angry/Frustrated,Chinese
307,Neutral/Calm/Relaxed,Snack
308,Happy/Cheerful,Indian
309,Tired,Chinese
310,Happy/Cheerful,Snack
311,Sad,Healthy Food
312,Happy/Cheerful,Beverage
313,Happy/Cheerful,Snack
314,Tired,Healthy Food
315,Happy/Cheerful,Beverage
316,Angry/Frustrated,French
317,Sad,Dessert
318,Tired,Mexican
319,Angry/Frustrated,Indian
320,Tired,Italian
321,Happy/Cheerful,Italian
322,Tired,Snack
323,Neutral/Calm/Relaxed,Beverage
324,Neutral/Calm/Relaxed,Dessert
325,Sad,Healthy Food
326,Happy/Cheerful,Dessert
327,Tired,Japanese
328,Angry/Frustrated,Italian
329,Sad,Italian
330,Angry/Frustrated,Mexican
331,Tired,Italian
332,Sad,Snack
333,Sad,Dessert
334,Sad,Healthy Food
335,Tired,Mexican
336,Neutral/Calm/Relaxed,Italian
337,Neutral/Calm/Relaxed,Snack
338,Neutral/Calm/Relaxed,Chinese
339,Tired,Italian
340,Angry/Frustrated,Snack
341,Angry/Frustrated,Mexican
342,Sad,Italian
343,Angry/Frustrated,Healthy Food
344,Angry/Frustrated,Beverage
345,Neutral/Calm/Relaxed,Healthy Food
346,Neutral/Calm/Relaxed,Italian
347,Angry/Frustrated,Japanese
348,Tired,Beverage
349,Angry/Frustrated,Beverage
350,Neutral/Calm/Relaxed,Healthy Food
351,Happy/Cheerful,Snack
352,Neutral/Calm/Relaxed,Italian
353,Sad,Mexican
354,Neutral/Calm/Relaxed,Japanese
355,Angry/Frustrated,French
356,Neutral/Calm/Relaxed,Mexican
357,Neutral/Calm/Relaxed,Dessert
358,Tired,French
359,Neutral/Calm/Relaxed,Italian
360,Tired,Snack
361,Sad,Japanese
362,Sad,Indian
363,Neutral/Calm/Relaxed,Japanese
364,Sad,Italian
365,Angry/Frustrated,Dessert
366,Happy/Cheerful,Beverage
367,Sad,Dessert
368,Sad,French
369,Angry/Frustrated,Japanese
370,Happy/Cheerful,Dessert
371,Happy/Cheerful,Indian
372,Tired,Snack
373,Happy/Cheerful,Dessert
374,Tired,Beverage
375,Tired,Mexican
376,Neutral/Calm/Relaxed,French
377,Sad,Indian
378,Sad,French
379,Neutral/Calm/Relaxed,Mexican
380,Happy/Cheerful,Italian
381,Neutral/Calm/Relaxed,Chinese
382,Sad,Dessert
383,Sad,Chinese
384,Tired,French
385,Happy/Cheerful,Mexican
386,Sad,Indian
387,Neutral/Calm/Relaxed,Snack
388,Tired,Japanese
389,Sad,Japanese
390,Happy/Cheerful,Snack
391,Sad,Beverage
392,Sad,Mexican
393,Happy/Cheerful,Japanese
394,Happy/Cheerful,Mexican
395,Happy/Cheerful,Indian
396,Neutral/Calm/Relaxed,Italian
397,Angry/Frustrated,Beverage
398,Sad,Mexican
399,Tired,Indian
400,Sad,Healthy Food
401,Tired,Italian
402,Sad,French
403,Happy/Cheerful,Italian
404,Angry/Frustrated,Dessert
405,Angry/Frustrated,Japanese
406,Angry/Frustrated,Dessert
407,Tired,Chinese
408,Tired,Italian
409,Tired,Japanese
410,Happy/Cheerful,Mexican
411,Sad,Japanese
412,Tired,Healthy Food
413,Angry/Frustrated,Beverage
414,Angry/Frustrated,Mexican
415,Tired,Chinese
416,Tired,French
417,Angry/Frustrated,French
418,Angry/Frustrated,Beverage
419,Happy/Cheerful,Snack
420,Angry/Frustrated,French
421,Neutral/Calm/Relaxed,Beverage
422,Tired,Mexican
423,Neutral/Calm/Relaxed,Japanese
424,Neutral/Calm/Relaxed,Chinese
425,Sad,Beverage
426,Neutral/Calm/Relaxed,Indian
427,Angry/Frustrated,Italian
428,Neutral/Calm/Relaxed,Snack
429,Neutral/Calm/Relaxed,Mexican
430,Happy/Cheerful,Italian
431,Sad,Dessert
432,Angry/Frustrated,Dessert
433,Happy/Cheerful,Japanese
434,Sad,Healthy Food
435,Angry/Frustrated,Japanese
436,Angry/Frustrated,Mexican
437,Tired,Italian
438,Neutral/Calm/Relaxed,Italian
439,Tired,Mexican
440,Angry/Frustrated,Beverage
441,Tired,Japanese
442,Sad,Indian
443,Sad,Chinese
444,Tired,Dessert
445,Tired,Snack
446,Tired,Beverage
447,Happy/Cheerful,Mexican
448,Neutral/Calm/Relaxed,Mexican
449,Tired,Italian
450,Tired,Mexican
451,Neutral/Calm/Relaxed,Dessert
452,Sad,Beverage
453,Angry/Frustrated,Healthy Food
454,Happy/Cheerful,Indian
455,Neutral/Calm/Relaxed,Mexican
456,Happy/Cheerful,Mexican
457,Neutral/Calm/Relaxed,Beverage
458,Neutral/Calm/Relaxed,Indian
459,Tired,Snack
460,Sad,Beverage
461,Sad,Dessert
462,Tired,Snack
463,Happy/Cheerful,Beverage
464,Tired,Dessert
465,Neutral/Calm/Relaxed,French
466,Neutral/Calm/Relaxed,Italian
467,Angry/Frustrated,Snack
468,Tired,Mexican
469,Happy/Cheerful,Dessert
470,Tired,Japanese
471,Angry/Frustrated,Indian
472,Tired,Indian
473,Angry/Frustrated,Japanese
474,Angry/Frustrated,French
475,Happy/Cheerful,Dessert
476,Sad,Italian
477,Tired,Chinese
478,Happy/Cheerful,Chinese
479,Sad,Chinese
480,Neutral/Calm/Relaxed,French
481,Sad,Chinese
482,Neutral/Calm/Relaxed,Beverage
483,Sad,French
484,Angry/Frustrated,Beverage
485,Angry/Frustrated,Japanese
486,Sad,Healthy Food
487,Neutral/Calm/Relaxed,French
488,Happy/Cheerful,Chinese
489,Angry/Frustrated,Dessert
490,Neutral/Calm/Relaxed,French
491,Sad,Snack
492,Neutral/Calm/Relaxed,Japanese
493,Sad,Beverage
494,Sad,Mexican
495,Tired,Italian
496,Angry/Frustrated,Dessert
497,Neutral/Calm/Relaxed,Dessert
498,Tired,Chinese
499,Happy/Cheerful,Italian
500,Sad,Healthy Food
501,Tired,French
502,Sad,Italian
503,Happy/Cheerful,Snack
504,Neutral/Calm/Relaxed,French
505,Angry/Frustrated,Snack
506,Happy/Cheerful,Dessert
507,Neutral/Calm/Relaxed,Snack
508,Happy/Cheerful,Indian
509,Sad,Healthy Food
510,Sad,Dessert
511,Sad,Healthy Food
512,Angry/Frustrated,French
513,Sad,Indian
514,Sad,Japanese
515,Tired,Indian
516,Happy/Cheerful,Chinese
517,Tired,Dessert
518,Tired,Italian
519,Neutral/Calm/Relaxed,Healthy Food
520,Tired,Chinese
521,Tired,Mexican
522,Angry/Frustrated,Indian
523,Tired,Healthy Food
524,Tired,Mexican
525,Angry/Frustrated,French
526,Sad,Chinese
527,Tired,Indian
528,Neutral/Calm/Relaxed,Italian
529,Sad,Beverage
530,Angry/Frustrated,Chinese
531,Sad,Snack
532,Happy/Cheerful,Japanese
533,Tired,Indian
534,Tired,Chinese
535,Happy/Cheerful,Dessert
536,Tired,Dessert
537,Sad,Dessert
538,Happy/Cheerful,Indian
539,Tired,Healthy Food
540,Happy/Cheerful,Indian
541,Tired,Healthy Food
542,Sad,Indian
543,Angry/Frustrated,Mexican
544,Angry/Frustrated,Chinese
545,Angry/Frustrated,Italian
546,Neutral/Calm/Relaxed,Indian
547,Sad,Mexican
548,Tired,Mexican
549,Tired,Indian
550,Angry/Frustrated,Chinese
551,Angry/Frustrated,Dessert
552,Happy/Cheerful,Japanese
553,Tired,Mexican
554,Tired,Japanese
555,Angry/Frustrated,Indian
556,Angry/Frustrated,Snack
557,Tired,Indian
558,Tired,Indian
559,Happy/Cheerful,Italian
560,Tired,Healthy Food
561,Neutral/Calm/Relaxed,Japanese
562,Happy/Cheerful,Italian
563,Sad,Chinese
564,Tired,Mexican
565,Tired,Indian
566,Happy/Cheerful,Italian
567,Happy/Cheerful,Beverage
568,Angry/Frustrated,Japanese
569,Angry/Frustrated,Mexican
570,Angry/Frustrated,Healthy Food
571,Happy/Cheerful,Healthy Food
572,Happy/Cheerful,Chinese
573,Angry/Frustrated,Japanese
574,Happy/Cheerful,Chinese
575,Neutral/Calm/Relaxed,Dessert
576,Tired,Mexican
577,Happy/Cheerful,Beverage
578,Tired,Indian
579,Sad,Beverage
580,Angry/Frustrated,Healthy Food
581,Sad,Dessert
582,Tired,Indian
583,Tired,Mexican
584,Sad,Snack
585,Tired,Japanese
586,Angry/Frustrated,Dessert
587,Tired,Dessert
588,Happy/Cheerful,Indian
589,Angry/Frustrated,Healthy Food
590,Angry/Frustrated,French
591,Angry/Frustrated,Beverage
592,Sad,Beverage
593,Happy/Cheerful,Healthy Food
594,Sad,Japanese
595,Neutral/Calm/Relaxed,Indian
596,Tired,Italian
597,Neutral/Calm/Relaxed,Japanese
598,Sad,Snack
599,Tired,Dessert
600,Tired,French
601,Happy/Cheerful,Dessert
602,Sad,Snack
603,Angry/Frustrated,Dessert
604,Angry/Frustrated,Italian
605,Neutral/Calm/Relaxed,Dessert
606,Happy/Cheerful,Dessert
607,Happy/Cheerful,Beverage
608,Angry/Frustrated,Japanese
609,Happy/Cheerful,Snack
610,Sad,Chinese
611,Tired,Snack
612,Tired,Japanese
613,Neutral/Calm/Relaxed,French
614,Angry/Frustrated,Japanese
615,Angry/Frustrated,Snack
616,Happy/Cheerful,Indian
617,Angry/Frustrated,Dessert
618,Happy/Cheerful,Chinese
619,Sad,French
620,Sad,Indian
621,Angry/Frustrated,French
622,Tired,Beverage
623,Happy/Cheerful,Chinese
624,Tired,Japanese
625,Sad,Mexican
626,Angry/Frustrated,Mexican
627,Happy/Cheerful,Chinese
628,Sad,Indian
629,Sad,Healthy Food
630,Neutral/Calm/Relaxed,Healthy Food
631,Tired,Snack
632,Neutral/Calm/Relaxed,Healthy Food
633,Happy/Cheerful,Chinese
634,Tired,Mexican
635,Sad,Healthy Food
636,Tired,Mexican
637,Neutral/Calm/Relaxed,Japanese
638,Angry/Frustrated,Chinese
639,Angry/Frustrated,Chinese
640,Neutral/Calm/Relaxed,Dessert
641,Angry/Frustrated,Dessert
642,Tired,Beverage
643,Sad,Mexican
644,Happy/Cheerful,Snack
645,Angry/Frustrated,Mexican
646,Tired,Healthy Food
647,Happy/Cheerful,French
648,Tired,Indian
649,Angry/Frustrated,Chinese
650,Happy/Cheerful,Chinese
651,Happy/Cheerful,Japanese
652,Neutral/Calm/Relaxed,Dessert
653,Neutral/Calm/Relaxed,Japanese
654,Tired,Italian
655,Sad,Chinese
656,Sad,French
657,Happy/Cheerful,Mexican
658,Angry/Frustrated,French
659,Tired,Beverage
660,Angry/Frustrated,French
661,Neutral/Calm/Relaxed,French
662,Angry/Frustrated,Indian
663,Tired,Beverage
664,Sad,French
665,Happy/Cheerful,French
666,Tired,French
667,Sad,Healthy Food
668,Happy/Cheerful,French
669,Tired,Healthy Food
670,Sad,French
671,Tired,French
672,Happy/Cheerful,Mexican
673,Neutral/Calm/Relaxed,French
674,Sad,Beverage
675,Sad,Italian
676,Angry/Frustrated,Indian
677,Angry/Frustrated,Healthy Food
678,Neutral/Calm/Relaxed,Snack
679,Sad,Chinese
680,Neutral/Calm/Relaxed,French
681,Tired,Italian
682,Happy/Cheerful,Mexican
683,Neutral/Calm/Relaxed,Dessert
684,Sad,Beverage
685,Neutral/Calm/Relaxed,Snack
686,Neutral/Calm/Relaxed,Chinese
687,Sad,Dessert
688,Neutral/Calm/Relaxed,Snack
689,Neutral/Calm/Relaxed,Japanese
690,Tired,Beverage
691,Sad,Healthy Food
692,Neutral/Calm/Relaxed,Indian
693,Tired,Mexican
694,Neutral/Calm/Relaxed,Indian
695,Happy/Cheerful,Beverage
696,Sad,Italian
697,Angry/Frustrated,Dessert
698,Happy/Cheerful,Beverage
699,Neutral/Calm/Relaxed,Beverage
700,Angry/Frustrated,Healthy Food
701,Sad,Snack
702,Sad,Beverage
703,Sad,Italian
704,Neutral/Calm/Relaxed,Beverage
705,Happy/Cheerful,Beverage
706,Angry/Frustrated,Italian
707,Happy/Cheerful,Chinese
708,Sad,Chinese
709,Happy/Cheerful,Chinese
710,Neutral/Calm/Relaxed,Dessert
711,Neutral/Calm/Relaxed,Italian
712,Happy/Cheerful,Snack
713,Angry/Frustrated,Healthy Food
714,Happy/Cheerful,Indian
715,Happy/Cheerful,Mexican
716,Neutral/Calm/Relaxed,Mexican
717,Neutral/Calm/Relaxed,French
718,Neutral/Calm/Relaxed,Indian
719,Sad,Dessert
720,Neutral/Calm/Relaxed,Dessert
721,Tired,French
722,Happy/Cheerful,Japanese
723,Neutral/Calm/Relaxed,Beverage
724,Sad,Indian
725,Sad,Indian
726,Happy/Cheerful,Healthy Food
727,Happy/Cheerful,Chinese
728,Happy/Cheerful,Chinese
729,Happy/Cheerful,Indian
730,Neutral/Calm/Relaxed,Japanese
731,Neutral/Calm/Relaxed,Chinese
732,Angry/Frustrated,Snack
733,Tired,Dessert
734,Sad,Dessert
735,Tired,Snack
736,Neutral/Calm/Relaxed,French
737,Tired,French
738,Tired,French
739,Happy/Cheerful,Dessert
740,Tired,Japanese
741,Neutral/Calm/Relaxed,Italian
742,Angry/Frustrated,Indian
743,Angry/Frustrated,Chinese
744,Sad,French
745,Angry/Frustrated,French
746,Happy/Cheerful,Japanese
747,Tired,Snack
748,Tired,Japanese
749,Happy/Cheerful,Mexican
750,Tired,Italian
751,Neutral/Calm/Relaxed,Healthy Food
752,Angry/Frustrated,Dessert
753,Sad,Chinese
754,Tired,Beverage
755,Happy/Cheerful,Italian
756,Angry/Frustrated,Snack
757,Sad,Mexican
758,Angry/Frustrated,Mexican
759,Sad,Dessert
760,Sad,Mexican
761,Happy/Cheerful,French
762,Sad,Healthy Food
763,Angry/Frustrated,French
764,Tired,Snack
765,Tired,Chinese
766,Neutral/Calm/Relaxed,French
767,Tired,Chinese
768,Neutral/Calm/Relaxed,Snack
769,Neutral/Calm/Relaxed,French
770,Neutral/Calm/Relaxed,Dessert
771,Sad,French
772,Neutral/Calm/Relaxed,Mexican
773,Neutral/Calm/Relaxed,Japanese
774,Sad,Snack
775,Sad,Japanese
776,Happy/Cheerful,Indian
777,Angry/Frustrated,Indian
778,Angry/Frustrated,Snack
779,Neutral/Calm/Relaxed,Chinese
780,Angry/Frustrated,Healthy Food
781,Tired,Dessert
782,Sad,Indian
783,Angry/Frustrated,Japanese
784,Tired,Indian
785,Neutral/Calm/Relaxed,Japanese
786,Happy/Cheerful,Indian
787,Happy/Cheerful,Japanese
788,Neutral/Calm/Relaxed,Japanese
789,Happy/Cheerful,Snack
790,Happy/Cheerful,Healthy Food
791,Tired,Mexican
792,Angry/Frustrated,Healthy Food
793,Neutral/Calm/Relaxed,Healthy Food
794,Neutral/Calm/Relaxed,Beverage
795,Tired,Healthy Food
796,Tired,Chinese
797,Happy/Cheerful,Japanese
798,Happy/Cheerful,Chinese
799,Sad,Snack
800,Angry/Frustrated,Mexican
801,Tired,Dessert
802,Sad,Italian
803,Angry/Frustrated,Italian
804,Happy/Cheerful,Beverage
805,Neutral/Calm/Relaxed,Japanese
806,Tired,Japanese
807,Happy/Cheerful,Healthy Food
808,Tired,Dessert
809,Sad,Japanese
810,Neutral/Calm/Relaxed,Japanese
811,Sad,Dessert
812,Sad,Snack
813,Angry/Frustrated,Mexican
814,Angry/Frustrated,Chinese
815,Happy/Cheerful,Chinese
816,Sad,Beverage
817,Happy/Cheerful,Japanese
818,Neutral/Calm/Relaxed,French
819,Sad,Snack
820,Sad,Dessert
821,Sad,Japanese
822,Angry/Frustrated,Snack
823,Angry/Frustrated,Snack
824,Tired,Mexican
825,Angry/Frustrated,Dessert
826,Tired,Chinese
827,Sad,Mexican
828,Angry/Frustrated,Beverage
829,Tired,Mexican
830,Tired,Dessert
831,Angry/Frustrated,Chinese
832,Angry/Frustrated,French
833,Tired,Chinese
834,Angry/Frustrated,Japanese
835,Neutral/Calm/Relaxed,Italian
836,Angry/Frustrated,Indian
837,Tired,Japanese
838,Sad,Chinese
839,Angry/Frustrated,Healthy Food
840,Happy/Cheerful,Snack
841,Neutral/Calm/Relaxed,Beverage
842,Tired,Japanese
843,Sad,Japanese
844,Sad,Beverage
845,Tired,Chinese
846,Happy/Cheerful,Mexican
847,Angry/Frustrated,Chinese
848,Tired,Dessert
849,Happy/Cheerful,Indian
850,Happy/Cheerful,Healthy Food
851,Angry/Frustrated,French
852,Sad,Italian
853,Angry/Frustrated,Beverage
854,Sad,Healthy Food
855,Sad,Healthy Food
856,Angry/Frustrated,Italian
857,Tired,French
858,Angry/Frustrated,Japanese
859,Neutral/Calm/Relaxed,Indian
860,Tired,Indian
861,Sad,Beverage
862,Happy/Cheerful,Japanese
863,Happy/Cheerful,French
864,Angry/Frustrated,Indian
865,Happy/Cheerful,Chinese
866,Happy/Cheerful,French
867,Sad,Snack
868,Sad,Snack
869,Tired,Beverage
870,Tired,Beverage
871,Angry/Frustrated,Dessert
872,Tired,Chinese
873,Happy/Cheerful,Beverage
874,Sad,Beverage
875,Tired,Healthy Food
876,Tired,Snack
877,Happy/Cheerful,Indian
878,Angry/Frustrated,Chinese
879,Neutral/Calm/Relaxed,Chinese
880,Happy/Cheerful,Healthy Food
881,Angry/Frustrated,Italian
882,Angry/Frustrated,Healthy Food
883,Neutral/Calm/Relaxed,Dessert
884,Happy/Cheerful,French
885,Sad,Snack
886,Happy/Cheerful,Beverage
887,Neutral/Calm/Relaxed,Healthy Food
888,Angry/Frustrated,Healthy Food
889,Happy/Cheerful,Dessert
890,Tired,Dessert
891,Sad,Chinese
892,Happy/Cheerful,Mexican
893,Happy/Cheerful,Indian
894,Happy/Cheerful,French
895,Angry/Frustrated,Italian
896,Sad,Chinese
897,Angry/Frustrated,Beverage
898,Neutral/Calm/Relaxed,Chinese
899,Sad,Italian
900,Angry/Frustrated,Chinese
901,Neutral/Calm/Relaxed,Indian
902,Sad,Mexican
903,Sad,Indian
904,Tired,Mexican
905,Tired,Indian
906,Angry/Frustrated,French
907,Sad,Healthy Food
908,Angry/Frustrated,Japanese
909,Happy/Cheerful,Italian
910,Angry/Frustrated,Italian
911,Neutral/Calm/Relaxed,Indian
912,Neutral/Calm/Relaxed,Beverage
913,Sad,Beverage
914,Angry/Frustrated,Beverage
915,Sad,Mexican
916,Happy/Cheerful,Dessert
917,Neutral/Calm/Relaxed,French
918,Neutral/Calm/Relaxed,Beverage
919,Happy/Cheerful,Chinese
920,Sad,Indian
921,Sad,French
922,Happy/Cheerful,Dessert
923,Sad,Dessert
924,Angry/Frustrated,Snack
925,Happy/Cheerful,French
926,Sad,Mexican
927,Happy/Cheerful,Italian
928,Angry/Frustrated,Indian
929,Happy/Cheerful,Chinese
930,Tired,Dessert
931,Neutral/Calm/Relaxed,Beverage
932,Happy/Cheerful,French
933,Sad,Dessert
934,Neutral/Calm/Relaxed,Indian
935,Neutral/Calm/Relaxed,Indian
936,Happy/Cheerful,Italian
937,Neutral/Calm/Relaxed,Beverage
938,Neutral/Calm/Relaxed,Mexican
939,Sad,Snack
940,Angry/Frustrated,Dessert
941,Happy/Cheerful,Snack
942,Neutral/Calm/Relaxed,Chinese
943,Angry/Frustrated,French
944,Happy/Cheerful,French
945,Tired,Healthy Food
946,Neutral/Calm/Relaxed,Beverage
947,Tired,Mexican
948,Sad,Japanese
949,Happy/Cheerful,Snack
950,Sad,Snack
951,Angry/Frustrated,Chinese
952,Happy/Cheerful,Chinese
953,Angry/Frustrated,Mexican
954,Neutral/Calm/Relaxed,Chinese
955,Angry/Frustrated,Mexican
956,Angry/Frustrated,Italian
957,Neutral/Calm/Relaxed,Indian
958,Happy/Cheerful,Healthy Food
959,Happy/Cheerful,Mexican
960,Happy/Cheerful,Dessert
961,Happy/Cheerful,Chinese
962,Happy/Cheerful,Japanese
963,Tired,Indian
964,Happy/Cheerful,Indian
965,Happy/Cheerful,Healthy Food
966,Angry/Frustrated,Beverage
967,Sad,Mexican
968,Happy/Cheerful,Snack
969,Sad,Mexican
970,Angry/Frustrated,French
971,Tired,Snack
972,Sad,Dessert
973,Happy/Cheerful,Indian
974,Angry/Frustrated,Snack
975,Tired,Snack
976,Sad,Dessert
977,Tired,Beverage
978,Angry/Frustrated,Snack
979,Neutral/Calm/Relaxed,Dessert
980,Neutral/Calm/Relaxed,French
981,Neutral/Calm/Relaxed,Dessert
982,Angry/Frustrated,Indian
983,Sad,Italian
984,Happy/Cheerful,Snack
985,Angry/Frustrated,Beverage
986,Angry/Frustrated,Mexican
987,Angry/Frustrated,Beverage
988,Angry/Frustrated,Japanese
989,Angry/Frustrated,Indian
990,Neutral/Calm/Relaxed,French
991,Sad,Beverage
992,Neutral/Calm/Relaxed,Chinese
993,Happy/Cheerful,Healthy Food
994,Sad,Dessert
995,Tired,Chinese
996,Angry/Frustrated,Beverage
997,Neutral/Calm/Relaxed,Chinese
998,Angry/Frustrated,Healthy Food
999,Tired,Dessert
1000,Neutral/Calm/Relaxed,Indian
1001,Sad,Chinese
1002,Angry/Frustrated,Indian
1003,Angry/Frustrated,French
1004,Tired,Snack
1005,Happy/Cheerful,Dessert
1006,Happy/Cheerful,Indian
1007,Sad,Dessert
1008,Happy/Cheerful,Dessert
1009,Neutral/Calm/Relaxed,Healthy Food
1010,Neutral/Calm/Relaxed,Japanese
1011,Neutral/Calm/Relaxed,Healthy Food
1012,Happy/Cheerful,Indian
1013,Angry/Frustrated,Chinese
1014,Sad,Snack
1015,Tired,Italian
1016,Neutral/Calm/Relaxed,Dessert
1017,Neutral/Calm/Relaxed,Dessert
1018,Sad,Dessert
1019,Sad,French
1020,Neutral/Calm/Relaxed,Indian
1021,Tired,Indian
2000,Sad,Snack
2001,Sad,Mexican
2002,Sad,Dessert
2003,Sad,Italian
2004,Sad,French
2005,Sad,Beverage
2006,Sad,Chinese
2007,Sad,Japanese
2008,Sad,Indian
2009,Sad,Healthy Food
2010,Tired,Snack
2011,Tired,Mexican
2012,Tired,Dessert
2013,Tired,Italian
2014,Tired,French
2015,Tired,Beverage
2016,Tired,Chinese
2017,Tired,Japanese
2018,Tired,Indian
2019,Tired,Healthy Food
2020,Happy/Cheerful,Snack
2021,Happy/Cheerful,Mexican
2022,Happy/Cheerful,Dessert
2023,Happy/Cheerful,Italian
2024,Happy/Cheerful,French
2025,Happy/Cheerful,Beverage
2026,Happy/Cheerful,Chinese
2027,Happy/Cheerful,Japanese
2028,Happy/Cheerful,Indian
2029,Happy/Cheerful,Healthy Food
2030,Neutral/Calm/Relaxed,Snack
2031,Neutral/Calm/Relaxed,Mexican
2032,Neutral/Calm/Relaxed,Dessert
2033,Neutral/Calm/Relaxed,Italian
2034,Neutral/Calm/Relaxed,French
2035,Neutral/Calm/Relaxed,Beverage
2036,Neutral/Calm/Relaxed,Chinese
2037,Neutral/Calm/Relaxed,Japanese
2038,Neutral/Calm/Relaxed,Indian
2039,Neutral/Calm/Relaxed,Healthy Food
2040,Angry/Frustrated,Snack
2041,Angry/Frustrated,Mexican
2042,Angry/Frustrated,Dessert
2043,Angry/Frustrated,Italian
2044,Angry/Frustrated,French
2045,Angry/Frustrated,Beverage
2046,Angry/Frustrated,Chinese
2047,Angry/Frustrated,Japanese
2048,Angry/Frustrated,Indian
2049,Angry/Frustrated,Healthy Food
